-252,21,-6
-255,19,-5
-258,20,-10
-258,21,-10
-257,37,-87
-253,25,-12
-258,20,-8
-242,12,37
-240,21,24
-261,24,-18
-256,22,-7
-258,20,-6
-255,20,-3
-255,19,-4
-256,21,-4
-258,21,-5
-257,22,-8
-257,21,-10
-258,23,-11
-256,21,-10
-256,20,-7
-256,21,-5
-257,21,-7
-257,20,-7
-227,22,27
-278,22,-37
-251,25,-2
-252,24,-5
-259,25,-21
-263,16,-17
-257,18,-6
-263,8,-6
-258,25,-17
-257,21,-7
-259,22,-6
-248,24,15
-248,17,35
-256,21,4
-270,23,-18
-288,28,-108
-245,16,30
-226,14,48
-244,9,65
-280,22,-61
-239,15,20
-277,11,29
-254,22,-11
-267,21,-22
-254,19,2
-235,25,21
-252,22,20
-258,20,-5
-247,29,-13
-270,18,-45
-256,22,-7
-263,18,-11
-255,20,-8
-262,23,-5
-256,27,-39
-256,23,-8
-252,18,12
-250,19,9
-263,37,-73
-253,22,-2
-258,19,-29
-257,22,-12
-257,20,-4
-266,22,-33
-255,18,5
-260,23,-24
-256,22,-7
-243,41,-95
-238,14,50
-252,21,6
-260,23,-19
-266,24,-48
-262,21,-20
-256,25,-6
-263,24,-25
-258,22,-4
-263,25,-68
-265,24,-30
-248,15,18
-281,15,3
-252,22,15
-261,20,-15
-252,21,-7
-255,21,4
-260,23,-21
-251,20,0
-253,23,12
-251,20,4
-257,23,-20
-263,24,-25
-253,23,-5
-258,22,3
-262,23,-21
-259,18,8
-256,23,-29
-254,21,-5
-254,26,-19
-256,21,-25
-260,16,18
-266,23,-23
-260,24,-28
-260,27,-35
-273,16,16
-246,12,37
-252,23,-5
-266,31,-31
-257,19,6
-248,16,19
-258,11,12
-267,19,-10
-252,17,-4
-260,22,-11
-260,20,-7
-256,19,-6
-260,20,-11
-256,21,-4
-257,22,-6
-255,22,-3
-258,21,-6
-256,20,0
-254,19,11
-256,20,-8
-246,24,-41
-267,19,-8
-262,28,-36
-263,17,1
-260,23,-18
-255,19,1
-255,18,3
-258,14,8
-256,15,9
-256,26,-50
-256,24,-3
-258,31,-47
-259,18,-16
-255,20,-4
-260,23,-10
-256,21,-5
-257,23,-9
-259,23,-17
-257,19,-7
-256,19,-4
-257,19,-7
-257,21,-7
-256,22,-6
-257,22,-8
-256,21,-6
-256,20,-4
-258,21,-8
-258,19,-7
-258,21,-12
-257,21,-14
-256,21,-6
-257,25,-28
-255,22,-13
-258,18,-1
-260,22,-17
-257,21,-11
-257,21,-11
-259,23,-16
-256,22,-9
-256,20,-2
-256,19,-2
-256,20,-3
-256,21,-3
-258,22,-7
-257,22,-11
-257,22,-12
-258,21,-13
-258,20,-10
-257,19,-10
-257,20,-8
-256,21,-6
-257,20,-8
-257,19,-6
-256,21,-4
-255,22,-2
-257,22,-6
-256,22,-6
-257,23,-7
-257,22,-9
-256,21,-9
-256,17,-7
-257,17,-11
-258,19,-12
-259,19,2
-256,20,1
-252,9,-31
-260,17,-12
-250,24,20
-259,23,-11
-261,22,-9
-256,24,-5
-258,22,-8
-258,23,-11
-257,20,-4
-257,18,-10
-259,20,-5
-256,19,-2
-256,20,-4
-257,21,-2
-258,22,-3
-257,21,-5
-258,23,-8
-256,21,-8
-257,20,-9
-258,21,-10
-256,20,-6
-257,19,-6
-256,21,-7
-257,20,-4
-256,19,-3
-257,20,-4
-256,20,-5
-257,21,-8
-257,21,-6
-257,23,-7
-256,23,-9
-256,23,-7
-257,21,-7
-257,20,-6
-257,18,-6
-257,20,-7
-257,20,-8
-257,21,-7
-256,21,-3
-258,21,-14
-255,20,-3
-260,22,-16
-255,25,-25
-247,25,-7
-260,23,3
-257,16,6
-256,23,-28
-257,20,-1
-255,19,-3
-256,20,-1
-256,18,-1
-259,21,-9
-258,21,-9
-258,23,-9
-259,23,-9
-256,21,-4
-256,18,-4
-256,19,-2
-257,21,-4
-256,21,-6
-256,22,-7
-257,21,-6
-257,22,-7
-257,22,-8
-256,21,-7
-257,22,-9
-257,21,-8
-256,19,-4
-257,19,-6
-257,20,-5
-257,21,-5
-257,22,-6
-257,22,-8
-257,21,-7
-256,21,-6
-257,21,-7
-257,21,-6
-256,22,-7
-257,20,-8
-258,22,-7
-257,21,-7
-257,20,-5
-256,19,-6
-258,20,-5
-256,19,-6
-257,20,-8
-257,21,-10
-257,22,-9
-257,22,-7
-256,22,-5
-257,21,-6
-257,22,-6
-257,20,-4
-257,21,-5
-257,19,-6
-257,20,-4
-256,20,-2
-255,20,-1
-257,20,-6
-256,21,-6
-257,22,-9
-256,20,-8
-258,22,-8
-257,23,-6
-257,22,-5
-257,19,-4
-257,20,-7
-257,21,-6
-257,21,-10
-257,21,-9
-257,20,-4
-257,21,-3
-257,21,-7
-257,17,13
-257,20,4
-256,20,-9
-257,20,-6
-257,21,-7
-257,21,-6
-257,19,-6
-257,20,-7
-257,22,-4
-256,23,-6
-257,23,-3
-257,22,-4
-258,21,-6
-256,20,-5
-256,20,-4
-256,20,-6
-257,19,-8
-257,21,-7
-257,21,-8
-256,21,-7
-257,20,-8
-257,22,-8
-257,21,-7
-258,22,-6
-256,20,-6
-257,20,-8
-256,19,-6
-257,20,-5
-257,20,-4
-257,21,-6
-256,21,-5
-257,22,-6
-258,19,-6
-257,20,-6
-258,21,-7
-257,21,-9
-257,20,-5
-256,20,-3
-257,20,-6
-256,19,-1
-257,21,-3
-256,21,-2
-257,21,-5
-257,21,-6
-258,23,-4
-256,22,-7
-257,22,-7
-257,22,-8
-258,22,-7
-257,22,-5
-257,23,-1
-255,22,-1
-256,21,-1
-256,20,-1
-254,18,-2
-262,19,-11
-258,19,-9
-258,20,-10
-258,22,-9
-257,20,-8
-259,21,-6
-257,19,-11
-257,20,-6
-257,21,-5
-258,23,-3
-256,22,-1
-257,21,-2
-254,19,1
-255,19,3
-253,18,7
-262,25,7
-254,18,2
-258,19,0
-258,19,1
-258,20,1
-256,21,3
-257,19,3
-256,20,2
-256,21,-1
-254,21,3
-255,23,4
-257,20,1
-257,21,2
-257,20,3
-256,20,2
-257,19,2
-257,18,2
-257,18,4
-256,19,4
-257,19,3
-261,21,3
-257,19,1
-256,20,4
-257,21,5
-258,21,6
-257,22,5
-257,22,4
-256,21,4
-256,19,4
-248,18,9
-255,19,10
-254,19,9
-255,20,10
-256,19,9
-257,19,8
-257,19,6
-258,19,5
-257,19,5
-255,20,12
-255,19,14
-254,18,13
-254,20,13
-254,20,10
-256,20,10
-257,20,5
-258,20,0
-259,21,-3
-258,21,-2
-259,22,-5
-259,19,-5
-261,19,-5
-259,20,-6
-259,21,-4
-259,21,-3
-258,22,-2
-256,21,2
-255,20,5
-256,20,5
-255,19,8
-256,19,7
-255,20,9
-255,18,8
-255,19,11
-255,18,9
-254,19,7
-254,20,8
-255,22,7
-255,20,4
-258,21,3
-258,21,1
-257,20,1
-257,21,1
-258,20,-1
-258,20,-4
-259,21,-5
-258,22,-3
-258,23,-3
-258,22,-4
-258,20,-2
-257,21,0
-258,19,-1
-257,19,2
-257,20,3
-257,20,3
-256,19,3
-256,19,7
-255,18,11
-252,18,13
-252,18,14
-253,18,14
-256,20,6
-258,19,2
-258,20,1
-259,19,2
-258,21,2
-256,20,4
-255,19,8
-255,21,12
-255,20,12
-254,19,11
-254,18,10
-255,19,6
-257,20,3
-258,20,-1
-258,20,-1
-258,21,-1
-258,20,0
-257,21,-1
-256,21,0
-257,21,-1
-257,22,0
-256,21,0
-257,21,2
-255,20,3
-254,19,4
-255,19,5
-254,18,6
-256,18,4
-257,19,1
-257,20,2
-256,19,1
-256,19,0
-257,21,-1
-256,21,-1
-256,20,-7
-259,22,-10
-258,24,-8
-256,22,-5
-256,22,-3
-257,20,-8
-257,21,-9
-260,20,-6
-258,22,-2
-257,22,-6
-256,23,-5
-256,24,-2
-255,23,-4
-258,21,-5
-259,21,-9
-257,19,-8
-257,19,-6
-257,18,-7
-257,19,-6
-257,19,-3
-257,19,-4
-256,21,-3
-256,22,-3
-256,24,-3
-256,24,-2
-257,23,-6
-257,23,-10
-257,21,-9
-258,21,-8
-258,21,-5
-257,19,-2
-256,19,-4
-256,18,-3
-255,21,-1
-254,23,7
-256,25,18
-259,23,5
-256,22,-18
-258,21,-15
-257,19,-24
-258,20,-11
-258,19,-10
-257,20,-7
-257,21,-5
-257,20,-4
-256,19,-6
-257,19,-5
-257,18,-4
-253,20,3
-257,23,1
-257,24,-2
-256,24,-9
-260,23,-12
-258,23,-15
-258,22,-12
-256,21,-10
-255,20,-5
-256,20,-7
-257,20,-10
-257,20,-11
-258,18,-12
-257,19,-9
-257,20,-2
-256,21,-3
-256,22,-4
-256,23,-3
-256,23,-5
-257,23,-12
-258,20,-10
-258,20,-10
-255,16,-5
-257,19,-2
-256,19,-1
-256,20,-4
-257,20,-13
-259,22,-23
-258,24,-18
-257,23,-14
-256,21,1
-254,17,1
-253,16,4
-257,16,-1
-256,17,-1
-258,21,-4
-257,23,-8
-258,24,-10
-256,23,-8
-257,20,-8
-249,19,24
-255,15,4
-253,27,-28
-252,24,7
-252,31,-14
-255,25,2
-251,8,49
-256,19,-18
-249,17,11
-264,25,-46
-262,20,-4
-258,25,-21
-257,20,-12
-254,18,-9
-258,17,-5
-259,19,-13
-255,23,1
-260,19,4
-259,21,5
-265,22,-18
-260,22,-20
-256,19,-7
-256,21,-8
-256,20,-2
-256,21,-8
-257,21,-8
-257,20,-8
-257,20,-10
-257,22,-8
-258,21,-10
-257,21,-11
-257,23,-5
-256,23,-7
-256,22,-7
-256,19,-4
-254,17,-1
-255,18,-4
-257,20,-11
-253,21,-2
-268,22,-39
-265,24,-38
-258,18,14
-258,20,-19
-257,21,-17
-254,23,-9
-256,21,3
-255,22,-9
-257,22,-5
-258,23,-20
-253,26,-15
-255,18,6
-261,21,-26
-240,21,18
-262,23,-29
-263,19,-18
-258,23,-36
-257,15,12
-264,26,-42
-260,17,14
-255,22,-2
-258,19,-9
-254,22,-2
-258,20,-9
-259,23,-11
-257,24,-12
-258,22,-1
-260,23,-23
-253,21,-8
-253,18,-3
-256,20,-10
-258,19,-10
-258,22,-9
-257,22,-8
-256,21,-3
-256,19,-3
-257,20,-6
-257,20,-3
-257,22,-4
-257,22,-4
-256,23,-5
-257,23,-5
-257,21,-5
-256,21,-5
-257,21,-9
-257,20,-7
-257,19,-6
-256,20,-3
-257,21,-7
-258,21,-8
-258,20,-8
-258,21,-10
-257,21,-7
-256,20,-4
-257,21,-6
-256,21,0
-257,22,-1
-258,20,-1
-257,21,-6
-257,22,-10
-259,22,-19
-263,20,-26
-255,20,0
-257,20,-6
-256,20,-1
-257,20,-5
-257,21,-7
-256,23,-6
-256,22,-6
-257,23,-7
-257,22,-12
-257,22,-12
-256,21,-7
-256,21,-6
-256,18,-3
-256,17,-5
-257,18,-5
-257,20,-6
-257,22,-10
-257,22,-9
-257,21,-8
-257,22,-9
-256,20,-7
-256,22,-6
-256,22,-7
-256,21,-5
-257,22,-6
-255,19,-3
-257,20,-8
-258,21,-13
-258,20,-10
-257,20,-10
-256,21,-8
-257,20,-6
-257,19,-9
-257,19,-9
-257,20,-9
-257,21,-8
-257,22,-6
-257,23,-9
-257,22,-9
-257,21,-6
-256,23,-3
-257,23,-4
-256,23,-6
-257,23,-3
-257,19,-28
-258,18,-19
-256,19,-7
-256,19,-8
-257,20,-8
-257,20,-11
-257,20,-9
-257,21,-10
-256,22,-6
-256,23,-7
-256,24,-7
-257,25,-7
-256,23,-7
-256,21,-6
-257,19,-8
-257,18,-6
-257,18,-6
-257,19,-1
-257,18,-12
-257,20,-12
-257,21,-10
-257,22,-9
-256,21,-7
-256,21,-6
-257,22,-5
-257,22,-6
-257,21,-4
-257,20,-4
-257,21,-4
-257,20,-5
-257,21,-6
-257,19,-9
-257,19,-5
-257,20,-8
-256,20,-7
-257,21,-8
-257,20,-10
-257,21,-8
-257,21,-8
-257,22,-8
-257,23,-8
-257,21,-8
-257,20,-9
-257,19,-8
-256,20,-9
-256,21,-6
-257,20,-5
-256,21,-7
-257,21,-7
-257,21,-8
-257,22,-7
-257,21,-9
-257,21,-6
-256,21,-5
-257,22,-6
-257,22,-6
-257,21,-6
-256,20,-8
-257,20,-8
-258,21,-8
-258,22,-10
-257,20,-8
-256,19,-5
-256,19,-7
-256,20,-6
-257,22,-6
-257,22,-6
-257,22,-6
-257,22,-4
-257,23,-4
-257,23,-6
-256,22,-5
-257,22,-5
-256,20,-6
-256,22,-5
-258,20,-8
-257,20,-6
-257,19,-7
-257,20,-6
-258,21,-6
-257,23,-8
-258,21,-6
-257,21,-6
-257,17,-2
-256,20,-13
-257,22,-9
-256,21,-8
-257,22,-7
-257,23,-7
-257,20,-8
-258,21,-9
-258,22,-7
-258,23,-3
-260,22,-4
-258,18,-1
-255,16,0
-255,19,3
-256,20,1
-256,21,-4
-257,21,-12
-261,14,-8
-258,18,-3
-255,28,11
-255,27,16
-255,24,10
-255,20,6
-255,20,3
-255,19,0
-257,20,-3
-259,21,-6
-258,21,-5
-257,20,-3
-257,19,0
-256,22,8
-256,23,14
-256,23,9
-257,25,9
-257,23,4
-256,20,-3
-257,18,-21
-257,16,-23
-257,18,-20
-257,20,-6
-258,21,-7
-257,20,-7
-258,21,-5
-256,21,-3
-254,19,1
-256,21,-2
-256,20,2
-257,21,-6
-258,21,-9
-257,21,-7
-257,20,-7
-258,21,-6
-258,22,-6
-257,21,-7
-258,21,-8
-258,21,-7
-258,21,-6
-258,19,-14
-257,16,-26
-255,20,2
-255,21,8
-253,22,14
-254,26,32
-256,22,8
-257,21,-7
-257,19,-8
-256,17,2
-256,16,2
-255,18,3
-234,17,38
-254,28,-13
-260,17,-7
-259,13,-6
-258,18,-2
-256,22,1
-256,22,2
-256,24,2
-256,24,1
-257,20,-5
-258,19,-6
-261,19,-17
-258,21,-9
-258,21,-7
-256,20,-6
-264,20,-15
-255,19,-5
-258,20,-10
-257,22,-7
-256,23,-7
-257,24,-7
-257,22,-8
-256,20,-5
-256,18,-2
-256,20,-2
-257,21,-3
-257,22,-4
-257,22,-4
-257,23,-4
-257,24,-6
-257,22,-5
-257,21,-7
-257,21,-7
-257,19,-8
-257,19,-9
-257,21,-9
-257,20,-9
-257,22,-7
-257,22,-6
-257,21,-3
-256,20,-4
-256,21,-4
-257,21,-3
-257,22,-4
-257,21,-5
-256,22,-5
-256,22,-8
-257,20,-7
-256,19,-7
-257,20,-6
-256,19,-7
-257,21,-6
-257,22,-6
-257,22,-5
-257,22,-5
-257,21,-5
-256,22,-5
-257,21,-7
-257,21,-7
-256,20,-6
-256,19,-5
-256,21,-5
-257,20,-6
-257,21,-7
-257,20,-7
-256,20,-7
-257,21,-6
-257,21,-7
-258,22,-8
-257,21,-5
-256,20,-7
-257,20,-6
-256,20,-7
-258,21,-7
-257,23,-4
-256,22,-6
-257,22,-5
-257,22,-6
-256,22,-5
-256,20,-5
-256,20,-4
-257,21,-5
-256,20,-7
-257,21,-6
-257,21,-7
-257,22,-9
-256,21,-8
-257,20,-10
-257,20,-9
-257,21,-6
-257,21,-7
-256,21,-3
-256,22,-3
-257,22,-3
-256,22,-4
-256,21,-3
-257,21,-5
-256,20,-4
-257,21,-5
-257,22,-5
-256,20,-7
-256,20,-5
-257,20,-5
-256,20,-5
-257,21,-7
-256,22,-4
-256,21,-4
-257,21,-4
-257,21,-5
-257,21,-5
-257,23,-5
-257,21,-6
-257,22,-5
-256,20,-7
-256,20,-7
-256,20,-6
-256,20,-7
-257,21,-5
-257,21,-5
-256,20,-6
-257,21,-5
-256,20,-5
-258,23,-5
-257,22,-4
-257,21,-5
-257,22,-3
-257,20,-5
-256,20,-5
-257,19,-7
-257,20,-8
-257,21,-7
-257,20,-7
-256,21,-7
-257,22,-7
-256,22,-6
-257,22,-4
-257,21,-2
-257,22,-4
-257,21,-5
-257,21,-25
-256,22,-6
-257,21,-4
-257,21,-7
-257,20,-5
-257,21,-7
-257,21,-4
-257,20,-5
-256,21,-3
-257,20,-5
-257,20,-4
-257,21,-3
-257,21,-3
-257,20,-7
-257,21,-6
-257,23,-6
-257,22,-6
-256,21,-6
-257,20,-4
-257,22,-6
-257,22,-7
-257,22,-6
-257,19,-5
-257,21,-5
-256,20,-5
-257,22,-6
-257,22,-6
-257,21,-6
-257,20,-5
-256,20,-4
-256,20,-6
-257,20,-2
-257,22,-4
-258,21,-5
-256,22,-5
-257,23,-4
-256,22,-5
-258,21,-6
-257,21,-6
-257,21,-5
-257,20,-5
-256,20,-7
-257,21,-6
-256,20,-5
-256,21,-4
-258,22,-4
-257,21,-4
-257,22,-5
-257,21,-5
-257,22,-6
-257,21,-4
-257,21,-6
-257,21,-6
-257,21,-5
-257,21,-5
-257,21,-4
-256,21,-4
-257,22,-5
-257,20,-6
-257,21,-6
-257,21,-6
-257,21,-7
-256,21,-6
-257,21,-5
-257,21,-6
-256,20,-5
-257,21,-4
-256,21,-4
-256,21,-4
-256,20,-4
-257,21,-3
-256,21,-4
-257,22,-5
-258,21,-6
-256,21,-6
-257,21,-4
-257,20,-5
-257,21,-3
-257,21,-5
-257,21,-5
-256,21,-5
-257,21,-7
-256,20,-4
-257,22,-5
-257,22,-5
-257,21,-6
-257,20,-5
-257,22,-6
-257,22,-6
-257,20,-5
-258,22,-6
-257,21,-6
-256,21,-5
-257,21,-5
-257,22,-4
-255,20,-3
-256,20,-3
-256,20,-4
-257,21,-6
-257,21,-5
-257,20,-6
-257,22,-6
-256,20,-5
-256,22,-4
-257,21,-8
-257,20,-4
-257,21,-3
-255,20,-3
-256,21,-2
-256,19,1
-261,22,-14
-257,21,-5
-258,22,-5
-259,21,-12
-257,22,-9
-257,20,-6
-257,18,-5
-257,19,-6
-257,21,-4
-256,22,-6
-256,21,-4
-257,20,-2
-257,22,-2
-257,22,-3
-256,22,-3
-257,22,-5
-256,21,-7
-256,21,-8
-257,20,-7
-256,20,-5
-257,19,-6
-257,20,-7
-257,20,-4
-257,22,-5
-257,21,-4
-260,21,-6
-260,24,-14
-250,19,14
-252,19,8
-255,23,2
-267,24,-12
-251,19,29
-254,21,4
-259,22,-12
-262,26,-34
-258,19,-17
-272,19,5
-254,22,-7
-261,18,12
-257,21,-7
-250,17,-12
-265,21,-2
-253,25,-17
-259,10,11
-265,27,-33
-267,18,2
-250,25,-18
-255,24,-16
-247,25,-19
-257,23,-19
-250,20,13
-269,16,-14
-248,12,53
-262,31,-35
-271,21,-1
-251,22,9
-237,14,27
-258,18,-2
-256,13,-56
-257,18,19
-256,21,13
-254,32,-49
-235,16,41
-277,34,-26
-234,21,17
-258,16,5
-244,8,2
-263,29,-29
-252,14,10
-259,17,24
-277,22,-21
-256,19,9
-242,21,13
-260,33,-39
-248,21,2
-256,14,-75
-258,16,38
-271,27,-7
-223,24,-59
-254,27,-14
-242,12,-96
-242,32,-49
-292,16,43
-305,-4,99
-262,5,60
-201,37,-64
-275,-7,66
-161,106,-136
-285,12,74
-296,-14,167
-200,46,-122
-246,-9,75
-281,45,-44
-234,37,-139
-263,8,63
-250,-3,106
-243,6,-95
-305,5,20
-266,30,-51
-235,46,-100
-285,13,5
-256,23,-113
-256,6,30
-276,-1,170
-254,25,34
-275,12,-14
-273,43,-144
-252,38,-27
-268,32,-72
-246,23,11
-240,61,-94
-263,25,-29
-285,24,87
-254,15,-48
-246,9,86
-306,13,-62
-271,34,-11
-267,15,-7
-253,55,-99
-248,-13,89
-202,85,-175
-247,35,-102
-262,6,20
-225,62,-103
-291,9,32
-218,-26,173
-303,-33,190
-230,44,-95
-186,37,-35
-252,-11,-15
-240,31,47
-219,48,0
-259,15,3
-200,17,22
-294,34,-65
-263,15,-18
-189,51,-108
-211,130,-166
-272,-10,-276
-284,7,3
-175,17,33
-243,-23,348
-273,41,-6
-305,-32,-146
-277,17,34
-212,15,95
-263,-22,130
-268,24,-17
-264,6,-22
-189,12,13
-241,36,88
-245,20,-25
-268,35,-38
-203,29,93
-249,52,-163
-258,24,-37
-215,30,45
-289,12,-101
-230,22,45
-289,14,-130
-295,28,-20
-245,48,-19
-270,15,-73
-289,27,-89
-225,-23,203
-297,21,-164
-275,32,-33
-173,-8,207
-272,22,-58
-264,34,-97
-247,24,5
-263,25,-114
-267,26,29
-249,32,-16
-272,21,-6
-222,11,102
-214,22,74
-317,29,-5
-364,-1,-199
-228,2,123
-126,5,85
-204,-33,147
-229,38,-108
-244,10,87
-243,-22,210
-296,20,-3
-278,17,84
-199,32,71
-257,37,-249
-249,22,43
-269,41,-21
-252,19,-4
-273,47,-21
-264,4,81
-282,18,-12
-219,9,25
-289,33,-23
-251,29,8
-277,8,27
-238,25,58
-277,8,-2
-253,16,57
-259,20,11
-263,19,44
-243,22,49
-252,21,15
-262,18,66
-221,35,-182
-270,31,94
-305,12,-82
-264,24,17
-281,-19,209
-209,28,-6
-279,19,-105
-257,29,25
-257,26,-64
-209,23,30
-314,17,-141
-253,17,33
-310,21,-132
-237,23,33
-277,30,75
-266,12,-33
-232,30,-208
-273,11,15
-233,21,33
-273,22,-28
-205,28,-108
-258,19,-2
-266,2,73
-262,24,-3
-258,17,10
-260,21,-25
-248,22,-3
-261,25,9
-276,17,5
-281,14,-33
-220,25,67
-271,26,-150
-275,7,71
-260,16,-22
-217,23,5
-270,14,-36
-235,11,96
-242,22,62
-265,17,-157
-258,22,18
-295,47,-156
-259,21,1
-257,14,-4
-250,17,3
-259,21,-4
-258,23,0
-247,25,12
-233,21,39
-281,40,-104
-276,26,-75
-277,-45,163
-268,22,-36
-250,20,-28
-253,13,-41
-268,17,21
-252,16,1
-250,18,6
-271,27,-75
-259,13,21
-260,12,60
-243,18,36
-272,55,-179
-273,24,-90
-239,26,35
-251,21,3
-249,15,-10
-256,17,-3
-255,18,-6
-261,21,-2
-258,22,-1
-256,20,-5
-256,21,-5
-258,22,-7
-258,23,-7
-256,23,-4
-257,23,-5
-256,20,-6
-257,21,-7
-256,20,-8
-255,20,-3
-257,19,-5
-256,18,-6
-258,19,-7
-258,19,-7
-258,21,-5
-257,20,-4
-258,23,-5
-256,22,-3
-245,19,24
-243,-5,-134
-254,29,1
-232,15,55
-249,16,-17
-246,11,48
-257,21,-8
-256,18,1
-258,20,-7
-260,22,-7
-255,21,0
-256,21,-2
-257,19,-2
-256,18,-5
-256,21,-6
-256,23,-5
-258,23,-6
-257,24,-4
-257,21,-9
-257,21,-6
-257,20,-4
-257,20,-4
-257,17,-3
-256,18,-5
-257,21,-4
-240,19,35
-251,4,18
-210,40,27
-246,19,2
-264,15,-11
-261,18,-13
-257,20,-7
-256,23,2
-257,23,-5
-257,21,-4
-258,20,-4
-257,20,-6
-256,19,-2
-271,-5,-3
-231,51,-58
-271,32,-13
-239,20,3
-264,16,-12
-260,22,-13
-256,22,-3
-256,24,0
-257,21,-2
-258,22,-3
-257,21,-7
-256,21,-4
-258,20,-8
-257,20,-7
-257,20,-8
-258,20,-6
-257,21,-7
-257,22,-4
-257,21,-3
-256,21,-2
-256,21,-3
-257,23,-3
-256,21,-2
-256,21,-4
-259,21,-11
-259,21,-14
-257,20,-8
-256,20,-7
-256,19,1
-256,20,3
-254,20,4
-255,19,3
-255,20,1
-256,22,2
-255,21,1
-256,20,-1
-258,20,-8
-260,21,-11
-259,21,-12
-258,21,-10
-256,22,-7
-256,20,-5
-256,21,-2
-256,21,-3
-257,22,-5
-258,20,-3
-257,19,-3
-257,18,-2
-257,19,-3
-256,20,-4
-256,22,-10
-258,22,-9
-257,22,-7
-257,21,-6
-257,21,-3
-257,20,-4
-256,20,-3
-257,19,-5
-256,20,-3
-257,22,-4
-256,21,-6
-257,21,-7
-257,21,-5
-257,21,-7
-257,20,-3
-256,19,-4
-257,19,-4
-257,20,-5
-257,22,-8
-257,21,-3
-257,20,-7
-257,20,-6
-256,20,-6
-257,20,-5
-257,21,-3
-256,20,-5
-256,21,-6
-257,21,-7
-257,21,-7
-257,21,-6
-257,20,-6
-257,22,-8
-257,21,-7
-257,22,-8
-257,21,-4
-257,21,-5
-257,21,-3
-256,21,-5
-256,22,-4
-256,20,-5
-258,21,-6
-256,19,-6
-257,21,-7
-256,19,-7
-257,20,-6
-257,21,-7
-257,20,-5
-256,20,-4
-257,21,-4
-252,23,-4
-259,21,-11
-258,20,-8
-256,20,-9
-256,20,-5
-257,20,-4
-257,20,-4
-257,19,-4
-257,20,-4
-257,21,-4
-257,21,-7
-258,21,-8
-257,22,-10
-257,21,-12
-258,22,-10
-257,22,-7
-256,20,-6
-258,18,-7
-256,17,-8
-257,19,-6
-257,22,-3
-257,23,-6
-258,23,-12
-249,20,2
-256,13,42
-265,18,-39
-286,36,-118
-280,22,-135
-247,20,13
-258,24,-16
-268,29,-75
-209,8,135
-291,39,-176
-234,13,64
-245,46,-83
-311,23,-97
-323,47,-294
-250,-12,161
-268,-15,133
-324,76,-300
-380,11,-129
-200,29,47
-287,28,64
-235,15,-29
-278,33,-57
-141,-17,183
-183,8,114
-41,-58,247
-190,32,21
-189,47,-66
-215,116,-271
-149,99,-227
-212,28,-49
-335,-80,248
-203,34,9
-218,47,-10
-159,36,15
-178,36,22
-130,32,35
-55,16,97
-57,-32,198
-181,-32,219
-384,-4,32
-265,123,-282
-132,41,-141
-174,-34,195
-173,-29,172
-416,22,-134
-293,38,56
-416,11,-63
-131,-26,155
-163,-9,125
-202,18,46
-199,132,-347
-285,22,44
-429,37,-163
-226,-1,93
-201,-80,180
-154,-73,302
-392,122,-325
-165,14,37
-113,-18,169
-230,-3,135
-362,81,-183
-181,35,12
-312,-9,71
-196,-16,127
-197,22,-54
-242,28,3
-359,14,-10
-490,115,-312
-379,66,-123
-229,23,32
-128,-37,139
-200,-16,22
-228,-28,45
-126,-11,249
-245,17,186
-512,59,-158
-168,-27,34
-256,-40,96
-303,21,54
-398,53,-32
-28,101,-250
-79,71,-198
-208,6,125
88,-14,178
-174,2,116
-512,29,-59
-123,44,-128
-298,33,88
-70,-24,230
-317,24,105
-80,78,-207
-390,-9,166
0,-53,253
-155,-21,232
-385,50,-158
-220,143,-387
-158,-4,-44
-147,60,-157
-81,14,-69
-77,99,-242
-302,103,-273
-155,88,-202
-375,74,-214
-438,26,-100
-105,-13,186
-95,-42,210
-179,9,97
-287,11,-16
-251,23,-50
-264,-16,130
-290,25,36
-252,31,-64
-225,24,-45
-195,-1,117
-281,36,-55
-261,40,-109
-211,-11,79
-230,12,41
-284,33,-74
-259,10,41
-228,3,120
-330,24,-30
-283,27,-3
-280,36,-62
-245,19,-22
-244,15,-14
-271,11,20
-257,26,-29
-249,7,56
-243,40,-73
-286,30,33
-248,-9,61
-258,33,-65
-208,6,69
-233,22,11
-289,10,73
-194,-2,85
-251,42,-109
-310,9,-6
-286,33,-58
-275,36,-47
-237,15,19
-220,3,75
-252,26,-19
-281,24,0
-258,16,13
-253,18,16
-259,24,-12
-258,19,0
-263,21,-14
-258,20,-5
-260,21,-14
-235,15,24
-268,20,-19
-265,18,1
-269,22,9
-265,21,-17
-221,20,22
-282,10,-19
-246,23,4
-259,14,87
-226,13,-114
-275,-34,245
-327,4,136
-242,0,154
-292,26,64
-225,35,-172
-249,-44,285
-225,43,-65
-246,30,-132
-179,76,-43
-233,16,7
-324,15,-7
-242,2,94
-253,29,25
-265,-34,232
-264,36,-33
-232,1,102
-248,22,143
-445,-14,-256
-303,15,-243
-334,26,-39
-268,17,-40
-262,39,-64
-242,44,-93
-232,16,-30
-204,31,-9
-297,22,80
-219,2,171
-320,25,27
-178,83,-31
-252,28,-51
-328,-26,-225
-319,21,-37
-307,25,-66
-232,31,65
-186,24,73
-201,-24,182
-219,40,-176
-304,23,-81
-275,33,-27
-183,35,150
-254,165,-322
-350,6,-254
-288,41,-61
-254,-5,77
-209,26,5
-285,34,-50
-156,96,-229
-410,-62,-275
-359,23,-27
-156,6,124
-94,135,-137
-397,82,-365
-395,26,-22
-322,23,-47
-127,103,-203
-305,6,145
-226,42,-14
-162,66,-101
-382,-26,-188
-352,7,13
-289,27,157
-407,-66,466
-330,0,135
-224,54,-75
-345,20,-19
-261,-56,346
-328,4,79
-251,61,-91
-357,-19,-166
-77,90,-130
-185,10,162
-199,50,-50
-280,33,-96
-232,54,-205
-288,8,119
-262,58,-66
-360,39,-76
-118,32,28
-224,44,-112
-338,33,-258
-166,-10,214
-302,56,-133
-398,0,-191
-308,14,138
-246,70,-140
-366,17,-204
-163,-81,425
-312,6,164
-248,59,-70
-339,13,-86
-342,-34,-260
-226,29,-236
-150,108,-157
-147,87,-93
-167,0,229
-268,-89,425
-360,-43,433
-299,17,246
-281,-8,234
-210,24,74
-193,27,7
-258,24,26
-203,36,-20
-304,13,56
-261,-2,46
-282,23,9
-276,12,34
-277,15,39
-251,-2,98
-209,23,60
-256,14,126
-228,23,164
-211,31,160
-168,18,180
-256,6,205
-301,9,-308
-260,25,-6
-256,55,-261
-243,21,-22
-291,10,76
-251,27,91
-105,19,105
-294,27,-171
-282,22,-114
-210,15,147
-250,29,59
-252,47,-225
-252,12,8
-278,18,-32
-242,12,6
-254,15,-2
-255,17,33
-262,14,15
-253,26,25
-294,14,52
-258,21,-14
-245,19,22
-263,15,-17
-260,19,-9
-260,21,-6
-257,23,-4
-256,24,-4
-257,21,-9
-258,19,-10
-257,19,-6
-256,17,-5
-256,18,-3
-259,18,3
-256,21,-1
-258,24,-14
-259,20,5
-237,17,53
-255,16,-23
-283,24,-90
-199,-5,147
-267,29,-4
-228,32,75
-270,64,-191
-365,-7,124
-243,42,164
-331,98,-450
-228,15,119
-267,8,30
-323,36,-181
-85,-14,153
-297,9,202
-50,-32,213
-280,25,143
-302,135,-510
-205,16,131
-389,27,250
-326,51,-255
-292,-73,244
-291,42,-42
-242,26,42
-313,34,-63
-288,-18,219
-262,-89,346
-461,67,-378
-512,6,-112
-435,-45,119
-58,26,-4
-277,-2,318
-454,-73,503
-386,-44,188
-212,-53,280
-32,-58,272
-455,9,-23
-500,83,-254
-238,138,-358
-323,-52,173
-247,24,2
-256,-17,235
-18,-20,211
-20,-54,263
-138,-13,182
-512,6,-65
-512,74,-239
-218,138,-368
-331,9,163
88,-59,326
-337,-8,73
-288,134,-377
-118,27,-37
-217,-37,288
-506,68,-277
-107,-9,43
-8,-43,326
-102,126,-341
-302,-83,293
87,-87,353
-337,116,-349
-262,-35,114
-412,0,19
-305,86,-262
-43,78,-156
-136,-9,201
-406,76,-237
-320,11,-32
-171,-33,215
-438,32,-81
-494,69,-246
-185,-27,44
-205,6,79
32,-69,293
-354,8,38
-432,84,-232
-320,15,-73
-217,-65,146
-318,43,-67
-114,-9,121
11,-12,179
-22,-75,315
-441,14,-19
-141,-67,300
-102,-61,287
-72,-54,283
-247,-18,192
-140,-21,252
-244,5,154
-324,15,30
-128,-28,277
-233,18,240
-324,37,62
-246,19,139
-284,17,131
-181,-6,245
-69,-60,318
-74,-105,380
-176,72,-91
-183,18,70
-399,25,99
-371,-55,157
-196,121,-303
-453,38,-199
-177,52,-13
-272,57,-45
-264,16,49
-181,-12,171
-119,-4,122
-185,6,88
-236,9,57
-337,28,-60
-263,82,-242
-381,7,-70
-123,3,141
-204,0,110
-248,100,-307
-286,47,-26
-216,45,-74
-326,22,-137
-138,36,156
-194,27,47
-327,18,-148
-233,37,24
-289,10,114
-291,-27,306
-345,-11,83
-299,-25,-33
-177,32,83
-305,38,-191
-306,15,-46
-243,51,-119
-198,29,-10
-228,-3,148
-311,33,-101
-355,18,-18
-304,-12,134
-223,8,138
-272,38,-90
-274,23,-72
-276,21,-23
-234,26,13
-266,20,-57
-257,29,-18
-264,25,-21
-253,24,-2
-256,20,-7
-259,19,-13
-257,20,-10
-257,22,-16
-258,22,-19
-262,22,-43
-251,21,-1
-252,13,18
-265,27,-91
-251,25,2
-271,23,-67
-242,51,-84
-245,15,16
-246,22,19
-268,20,15
-248,16,1
-263,20,-15
-263,21,-28
-258,23,-5
-251,25,-7
-251,20,6
-250,23,2
-273,16,-29
-265,29,-15
-271,23,-3
-245,19,-1
-282,25,-30
-230,-29,87
-204,35,-1
-302,129,-410
-273,6,8
-227,12,138
-229,33,-175
-364,-27,-101
-376,-1,-73
-356,-115,402
-192,32,84
-158,123,-201
-316,10,140
-162,96,-135
-249,-22,176
-339,-7,-181
-264,-26,179
-200,11,-22
-137,-72,270
-277,-7,87
-299,22,145
-239,19,24
-210,2,199
-310,21,-74
-314,-54,154
-266,54,-36
-211,20,14
-294,15,-8
-364,-44,-296
-220,16,119
-268,121,-401
-294,14,-7
-141,30,145
-144,45,105
-131,48,86
-441,-46,-267
-493,-41,-335
-371,-3,-39
-297,48,-143
-273,36,-15
-122,32,83
-253,13,307
-224,24,511
-137,-287,511
-509,22,-506
-394,11,-195
-303,42,-113
-278,23,4
-249,47,-86
-157,20,78
-377,-24,498
-138,-120,511
-275,145,-512
-344,13,-375
-271,34,-109
-121,59,44
-225,-45,490
-404,-149,511
-331,-14,-232
-78,58,119
-360,-157,511
-466,-24,-355
-114,31,225
-116,14,307
-83,-85,369
-406,-17,-287
-348,6,-34
-209,18,92
-167,-11,281
-308,4,-134
-306,36,-51
-377,-19,-344
-323,-25,-292
-346,-142,511
-342,-57,177
-213,42,19
-297,20,-278
-288,21,309
-382,-68,343
-100,11,163
-178,53,-16
-229,42,-63
-472,-44,-272
-403,-36,-298
-195,130,-476
-170,183,-469
-214,144,-481
-272,71,-452
-443,-40,-295
-512,-3,-428
-286,66,-503
-100,194,-423
-109,46,34
-341,-4,149
-348,-89,378
-348,-34,150
-85,7,122
-288,-161,511
-369,-20,448
-112,49,6
-435,5,-323
-352,62,-468
-228,-9,194
-390,-49,442
-259,-29,368
-199,18,144
-110,31,92
-125,23,54
-240,36,-98
-245,43,-121
-309,10,83
-167,52,-59
-437,-26,-238
-400,42,-282
-333,17,-252
-216,29,21
-223,12,254
-110,78,-115
-346,-5,-161
-285,-9,183
-365,-128,364
-301,-60,117
-435,-19,67
-276,28,-216
-314,24,-157
-254,21,-28
-246,10,56
-267,12,-38
-268,22,120
-261,23,11
-202,7,199
-93,43,52
-280,-14,94
-270,46,-75
-207,10,88
-265,-3,7
-248,9,21
-282,18,-90
-259,14,-6
-231,5,171
-338,18,195
-361,35,-136
-276,37,-163
-247,9,57
-226,5,41
-231,21,41
-253,23,-27
-257,16,2
-342,32,122
-260,19,0
-252,21,1
-266,18,-14
-257,17,2
-255,18,0
-259,24,-1
-256,24,-5
-258,24,-8
-257,24,-8
-256,22,-9
-257,22,-8
-256,20,-4
-255,17,-2
-253,18,2
-252,15,8
-256,20,0
-257,22,-13
-278,41,-139
-286,36,-93
-261,1,42
-362,70,-464
-248,2,-13
-253,12,28
-259,24,-7
-257,23,-9
-259,23,-2
-256,18,-5
-259,17,-21
-233,19,66
-193,10,251
-437,-84,511
-34,-60,511
-301,157,-512
-130,9,299
-73,12,248
-282,86,-367
-188,17,71
-259,37,-249
-165,-12,348
-281,1,66
-271,2,128
-334,-19,-62
-283,35,-5
-246,12,122
-258,11,31
-241,35,-67
-356,118,-512
-407,77,-512
-146,30,170
-430,22,-100
-250,-38,472
-213,-3,78
-75,-25,249
-229,53,83
-259,-2,-181
-203,13,111
-298,201,-512
-283,80,-293
-259,41,-45
-201,6,113
-215,-6,138
-147,173,-512
-258,4,157
-302,-32,43
-288,-55,103
-293,25,33
-103,-25,343
-144,16,106
-202,19,73
-187,-49,459
-96,42,172
-93,-48,408
-134,-69,431
-104,49,157
-138,-75,476
-2,21,418
-63,35,204
-178,-33,389
-190,-54,370
-404,-16,46
-371,15,-129
-311,63,-217
-231,14,-40
-214,60,-240
-206,-15,34
-355,-52,158
-364,-107,309
-434,-29,387
-447,-73,466
-432,-129,473
-278,-103,511
-51,-18,455
-265,-43,272
-431,-10,33
-434,55,-412
-304,91,-392
-138,157,-494
-382,-7,68
-333,-4,138
-95,17,197
-61,-3,511
-29,-12,504
-156,-76,511
-246,-15,499
-143,-36,511
-93,-1,464
-236,11,104
-16,-78,511
-258,-67,257
-384,8,46
-436,-91,226
-459,-83,302
-217,-14,146
-437,-148,505
-303,-21,262
-210,102,-439
-329,-32,2
-304,27,19
-426,101,-512
-224,94,-391
-311,-34,123
-379,-28,93
-480,-65,177
-144,-4,369
-202,131,-512
103,1,326
27,-16,477
-224,-24,279
-329,-70,286
-508,16,-117
-145,3,-151
-147,148,-228
-112,-16,293
-238,98,-346
-24,42,94
-94,-22,295
-250,-4,148
-350,50,-312
-125,26,185
-79,74,-275
-132,8,1
-471,-51,422
-155,51,-180
-492,-48,134
-336,-26,341
-111,84,-210
-249,50,-210
-212,-29,298
-223,-27,190
-248,29,15
-268,-16,220
-244,15,-45
-223,-4,127
-284,13,-80
-92,150,-202
-268,8,-19
-236,-3,133
-254,47,-144
-266,-4,26
-229,45,-42
-243,28,-78
-344,1,93
-231,27,-36
-269,27,-90
-266,21,-3
-265,13,-13
-249,29,-36
-235,27,17
-261,12,61
-274,19,-72
-257,24,-7
-272,21,-23
-246,32,-30
-250,17,17
-257,20,-6
-262,20,-19
-254,21,-8
-261,21,-23
-256,19,-4
-256,16,-1
-256,16,5
-256,19,2
-255,23,4
-251,26,12
-280,21,-27
-237,23,58
-261,20,36
-216,8,63
-289,23,42
-279,28,-73
-224,11,75
-315,-23,127
-253,26,3
-252,15,24
-240,31,-6
-250,8,9
-234,44,-127
-269,25,-61
-171,64,-44
-270,-13,109
-261,18,78
-236,59,-172
-329,-32,99
-318,1,-169
-262,35,-212
-310,26,-5
-262,-105,381
-131,121,-175
-188,37,-14
-30,97,-32
-184,234,-372
-156,12,54
-122,70,-126
-170,215,-354
-205,-32,-57
-290,-63,120
66,79,5
-230,17,-165
-209,7,55
-64,16,113
-265,4,-60
-127,116,-212
-255,-49,281
-275,125,-344
-301,30,-179
-282,57,-141
-193,90,-183
-228,75,-158
-127,23,95
-306,-62,240
-178,-92,464
-251,218,-472
-277,66,-306
-512,-28,-437
-318,2,-37
-165,124,-73
-348,-65,499
-320,6,510
-11,118,35
-184,206,-339
-151,160,-383
-312,35,-392
-504,-58,-332
-353,12,-41
-311,128,-273
-261,40,-57
-122,37,181
-492,-122,511
-201,235,-512
-400,-67,-356
-338,23,53
-141,1,228
-62,-131,495
-341,-55,-220
-265,84,-149
-89,46,98
-418,-74,511
-270,191,-512
-351,-23,-187
-142,56,136
-429,-85,490
-406,82,-512
-279,22,-45
-313,50,14
-33,11,262
9,121,-83
-512,11,-512
-510,-56,-331
-217,60,-195
-150,80,-1
-441,-89,511
-378,58,-498
-290,0,-62
-301,-19,130
-297,-86,340
-378,84,-416
-246,12,-8
-197,31,35
-255,15,-38
-305,16,-105
-262,23,12
-262,19,36
-263,24,-21
-247,26,11
-262,19,-10
-253,16,-2
-259,17,-6
-256,19,-9
-257,23,-6
-256,23,-4
-257,22,-6
-256,19,-1
-257,18,-2
-256,20,-2
-256,20,-5
-255,21,-6
-257,22,-13
-259,22,-14
-259,20,-18
-259,20,-17
-259,21,-17
-256,23,-9
-258,23,-6
-254,19,-5
-255,19,-2
-255,19,-3
-256,20,-7
-255,20,-8
-257,20,-6
-256,20,-6
-256,20,-5
-257,19,-5
-256,19,-6
-258,21,-7
-257,22,-4
-256,22,-5
-256,21,-7
-257,20,-7
-257,19,-7
-257,19,-7
-257,20,-6
-256,21,-7
-257,20,-7
-256,20,-4
-257,20,-4
-257,20,-7
-255,19,-4
-257,21,-5
-257,21,-5
-256,20,-2
-256,21,-4
-255,20,-11
-255,21,-3
-255,21,-1
-255,21,-1
-256,20,-4
-257,20,-4
-258,21,-5
-258,20,-10
-258,21,-9
-258,21,-12
-258,20,-8
-256,19,-2
-256,20,-1
-256,20,-2
-259,20,-5
-258,21,-6
-257,20,-8
-258,22,-8
-256,21,-6
-257,22,-5
-257,21,-4
-255,21,-4
-257,21,-4
-256,18,-3
-257,18,-5
-255,19,-1
-256,19,-3
-256,20,-4
-257,22,-10
-257,23,-10
-259,24,-12
-258,22,-7
-257,20,-4
-257,20,-1
-256,19,-1
-256,20,-1
-257,20,-5
-257,20,-5
-258,22,-8
-257,21,-9
-258,21,-7
-257,21,-8
-257,21,-8
-257,23,-7
-257,22,-3
-256,21,0
-256,20,-2
-256,19,-2
-257,19,-5
-257,19,-7
-257,21,-9
-258,23,-10
-257,22,-7
-256,20,-3
-254,20,1
-252,18,5
-255,20,3
-260,20,-8
-259,21,-11
-257,23,-10
-259,22,-9
-256,21,-6
-256,20,-3
-255,19,-3
-256,19,-3
-257,20,-3
-258,21,-4
-258,21,-9
-258,21,-12
-258,20,-11
-257,22,-4
-255,20,-1
-256,20,-2
-255,21,-2
-257,20,-5
-258,20,-6
-256,20,-6
-257,21,-7
-257,21,-7
-257,22,-7
-256,20,-4
-256,20,-4
-256,20,-6
-256,20,-3
-256,20,-3
-258,20,-3
-257,20,-5
-258,20,-7
-258,20,-8
-257,22,-8
-256,21,-8
-256,23,-5
-256,21,-6
-256,19,-3
-256,20,-4
-257,19,-5
-257,20,-7
-258,22,-11
-257,21,-4
-257,20,-4
-258,20,-4
-257,23,-3
-258,21,-6
-257,21,-6
-256,20,-2
-256,20,-2
-256,21,-3
-257,21,-6
-257,23,-4
-257,22,-4
-257,22,-4
-257,22,-7
-257,22,-5
-257,21,-9
-256,20,-2
-256,18,-4
-258,20,-10
-258,20,-11
-257,18,-5
-257,19,-6
-257,18,-5
-257,20,-3
-257,20,-6
-257,22,-4
-257,22,-4
-256,22,-4
-257,22,-6
-257,23,-7
-258,20,-8
-257,19,-8
-257,19,-4
-257,19,-4
-256,20,-2
-257,19,-5
-257,20,-3
-257,21,-4
-257,21,-5
-256,22,-5
-257,21,-6
-257,21,-6
-256,21,-5
-256,20,-3
-257,20,-6
-258,20,-7
-258,21,-7
-257,20,-7
-256,21,-6
-257,20,-5
-256,20,-3
-257,20,-4
-256,21,-4
-257,20,-6
-257,21,-7
-257,22,-7
-257,21,-3
-256,21,-5
-256,21,-3
-257,20,-5
-257,20,-4
-257,20,-5
-258,20,-5
-256,20,-6
-258,20,-7
-256,19,-4
-257,22,-4
-257,22,-5
-258,22,-6
-257,21,-2
-257,20,-7
-257,20,-7
-257,20,-7
-257,20,-8
-257,20,-5
-256,21,-4
-257,21,-5
-255,20,-1
-263,24,-10
-257,19,-3
-256,20,-3
-256,20,-2
-257,22,-4
-258,21,-8
-259,22,-9
-258,22,-7
-257,20,-11
-257,21,-7
-257,21,-5
-255,19,-1
-257,20,-3
-257,19,-8
-258,20,-6
-256,20,-10
-257,21,-8
-257,22,-7
-257,22,-10
-258,21,-13
-259,21,-14
-257,19,-9
-258,20,-3
-254,19,1
-256,21,-3
-257,20,-7
-258,23,-11
-256,22,-11
-257,22,-10
-258,22,-10
-257,22,-11
-258,20,-12
-259,20,-14
-256,18,-1
-259,18,-3
-256,18,-1
-256,19,-1
-256,21,-2
-256,22,-6
-257,21,-6
-257,21,-5
-258,23,-5
-257,22,-6
-256,22,-7
-256,21,-7
-256,20,-8
-257,20,-8
-257,20,-6
-258,20,-7
-256,18,-4
-257,19,-3
-257,18,-5
-257,20,-4
-257,21,-6
-258,20,-6
-257,22,-7
-257,21,-3
-256,21,-2
-258,21,-8
-256,20,-5
-256,22,-1
-257,20,-4
-257,20,-10
-256,21,-6
-258,21,-11
-255,20,-1
-258,21,-8
-256,20,-1
-257,20,-6
-257,21,-5
-258,22,-7
-258,22,-6
-256,21,-5